{"name":"FunctionalitiesIntent","identifier":"MIY2GHXLTF","description":null,"parentIntentSignature":null,"sampleUtterances":[{"utterance":"quais são as funcionaldades "},{"utterance":"Ajuda. O que você faz?"},{"utterance":"O que você pode fazer?"},{"utterance":"Quais são suas funcionalidades?"},{"utterance":"Quais são os seus comandos?"},{"utterance":"Como você pode me ajudar?"},{"utterance":"O que dá pra perguntar?"},{"utterance":"Me mostra o que você faz"},{"utterance":"Quais informações você pode me dar?"},{"utterance":"O que consigo saber com você?"},{"utterance":"Como funciona esse bot?"},{"utterance":"Quais perguntas posso fazer?"},{"utterance":"Me diga suas funções"},{"utterance":"Quais tipos de informações você tem?"},{"utterance":"O que eu posso te perguntar?"},{"utterance":"O que você sabe?"},{"utterance":"Você pode me ajudar?"},{"utterance":"Para que você serve?"},{"utterance":"Mostre suas opções"},{"utterance":"Me diga suas funcionalidades"},{"utterance":"Menu de opções"},{"utterance":"Ajuda, por favor"},{"utterance":"Quero ajuda"},{"utterance":"Mostre os comandos disponíveis"},{"utterance":"Como posso usar você?"},{"utterance":"O que você é capaz de fazer por mim?"},{"utterance":"Quais são suas principais funções?"},{"utterance":"O que você pode me ensinar ou informar?"},{"utterance":"Me explique como posso interagir com você."},{"utterance":"Quais tipos de perguntas você pode responder?"},{"utterance":"O que você sabe fazer bem?"},{"utterance":"Como você pode facilitar minha vida?"},{"utterance":"Quais são os comandos que eu posso usar?"},{"utterance":"Você tem algum tipo de menu ou opções?"},{"utterance":"Como posso acessar suas funcionalidades?"},{"utterance":"Me fale sobre os serviços que você oferece."},{"utterance":"O que eu posso perguntar a você?"},{"utterance":"Quais são os tipos de informações que você tem acesso?"},{"utterance":"Como funciona o seu sistema de ajuda?"},{"utterance":"Quais opções você oferece para interagir?"},{"utterance":"Como posso obter mais informações com você?"},{"utterance":"Como posso navegar entre suas funções?"},{"utterance":"Quais são os tópicos sobre os quais você pode me ajudar?"},{"utterance":"Me mostra as opções que você pode oferecer."}],"intentConfirmationSetting":null,"intentClosingSetting":{"isActive":false,"nextStep":{"sessionAttributes":null,"intent":{"name":null,"slots":null},"dialogAction":{"type":"EndConversation","slotToElicit":null,"suppressNextMessage":null}},"closingResponse":null},"initialResponseSetting":{"conditional":null,"codeHook":{"isActive":true,"invocationLabel":null,"postCodeHookSpecification":{"failureResponse":null,"failureNextStep":{"sessionAttributes":null,"intent":{"name":null,"slots":null},"dialogAction":{"type":"EndConversation","slotToElicit":null,"suppressNextMessage":null}},"failureConditional":null,"successResponse":null,"successNextStep":{"sessionAttributes":null,"intent":{"name":null,"slots":null},"dialogAction":{"type":"EndConversation","slotToElicit":null,"suppressNextMessage":null}},"successConditional":null,"timeoutResponse":null,"timeoutNextStep":{"sessionAttributes":null,"intent":{"name":null,"slots":null},"dialogAction":{"type":"EndConversation","slotToElicit":null,"suppressNextMessage":null}},"timeoutConditional":null},"enableCodeHookInvocation":true},"nextStep":{"sessionAttributes":null,"intent":{"name":null,"slots":null},"dialogAction":{"type":"InvokeDialogCodeHook","slotToElicit":null,"suppressNextMessage":null}},"initialResponse":{"messageGroupsList":[{"message":{"ssmlMessage":null,"customPayload":null,"plainTextMessage":{"value":"Essas são as informações que posso te mostrar sobre a FURIA:"},"imageResponseCard":null},"variations":null}],"allowInterrupt":true}},"inputContexts":null,"outputContexts":null,"kendraConfiguration":null,"qnAIntentConfiguration":null,"bedrockAgentIntentConfiguration":null,"qInConnectIntentConfiguration":null,"dialogCodeHook":null,"fulfillmentCodeHook":null,"slotPriorities":[]}