{"name":"LineupIntent","identifier":"ZABBRVNFU1","description":null,"parentIntentSignature":null,"sampleUtterances":[{"utterance":"Qual o time {TeamName} ?"},{"utterance":"Qual a lineup {TeamName} ?"},{"utterance":"Qual é o Elenco {TeamName} ?"},{"utterance":"Quais são os jogadores do {TeamName} ?"},{"utterance":"Quem são os jogadores do {TeamName} ?"},{"utterance":"Qual o elenco do {TeamName} ?"},{"utterance":"Qual é a escalação do {TeamName} ?"},{"utterance":"Escalação do {TeamName} ."},{"utterance":"Quem está jogando no {TeamName} ?"},{"utterance":"Quem joga no {TeamName} ?"},{"utterance":"Me mostra os jogadores do {TeamName} ."},{"utterance":"Me fala o elenco do {TeamName} ."},{"utterance":"Lista de jogadores do {TeamName} ."},{"utterance":"Quero ver a escalação do {TeamName} ."},{"utterance":"Quem faz parte do {TeamName} ?"},{"utterance":"Mostre os jogadores do {TeamName} ."},{"utterance":"Elenco da {TeamName} ."},{"utterance":"Quem compõe o time do {TeamName} ?"},{"utterance":"Quais atletas jogam pelo {TeamName} ?"},{"utterance":"Quem são os integrantes do {TeamName} ?"},{"utterance":"Qual a formação atual do {TeamName} ?"},{"utterance":"Pode me mostrar quem está no {TeamName} hoje ?"},{"utterance":"Quais jogadores estão ativos no {TeamName} ?"},{"utterance":"Me passa a formação do time do {TeamName} ."},{"utterance":"Qual a equipe titular do {TeamName} ?"},{"utterance":"Quem representa o {TeamName} nas partidas ?"},{"utterance":"Tem como listar os nomes do elenco do {TeamName} ?"},{"utterance":"Qual é a lineup principal do {TeamName} ?"},{"utterance":"Qual é a composição do {TeamName} atualmente ?"},{"utterance":"Qual a escalação mais recente do {TeamName} ?"},{"utterance":"Me atualiza com os jogadores do {TeamName} ."},{"utterance":"Quem está na line do {TeamName} hoje ?"},{"utterance":"Quem são os principais nomes do {TeamName} ?"},{"utterance":"Como está formado o time do {TeamName} agora ?"},{"utterance":"Pode mostrar o roster do {TeamName} ?"},{"utterance":"Quem tá jogando pelo {TeamName} nessa temporada ?"},{"utterance":"Qual é a atual formação do time {TeamName} ?"},{"utterance":"Elenco da {TeamName} ?"},{"utterance":"Qual o Elenco {TeamName} ?"},{"utterance":"{TeamName} Elenco hoje?"},{"utterance":"Quem ta jogando?"},{"utterance":"Elenco do time"},{"utterance":"Elenco da org {TeamName}"},{"utterance":"Elenco do time {TeamName}"},{"utterance":"Lineup do time"},{"utterance":"Lineup da org {TeamName}"},{"utterance":"Lineup do time {TeamName}"},{"utterance":"{TeamName} qual o time?"},{"utterance":"{TeamName} qual a lineup?"},{"utterance":"{TeamName} qual é o elenco?"},{"utterance":"{TeamName} quais são os jogadores?"},{"utterance":"{TeamName} quem são os jogadores?"},{"utterance":"{TeamName} qual o elenco?"},{"utterance":"{TeamName} qual é a escalação?"},{"utterance":"{TeamName} escalação."},{"utterance":"{TeamName} quem está jogando?"},{"utterance":"{TeamName} quem joga?"},{"utterance":"{TeamName} me mostra os jogadores."},{"utterance":"{TeamName} me fala o elenco."},{"utterance":"{TeamName} lista de jogadores."},{"utterance":"{TeamName} quero ver a escalação."},{"utterance":"{TeamName} quem faz parte do time?"},{"utterance":"{TeamName} mostre os jogadores."},{"utterance":"{TeamName} elenco titular."}],"intentConfirmationSetting":null,"intentClosingSetting":null,"initialResponseSetting":{"conditional":null,"codeHook":{"isActive":true,"invocationLabel":null,"postCodeHookSpecification":{"failureResponse":null,"failureNextStep":{"sessionAttributes":null,"intent":{"name":null,"slots":null},"dialogAction":{"type":"EndConversation","slotToElicit":null,"suppressNextMessage":null}},"failureConditional":null,"successResponse":null,"successNextStep":{"sessionAttributes":null,"intent":{"name":null,"slots":null},"dialogAction":{"type":"EndConversation","slotToElicit":null,"suppressNextMessage":null}},"successConditional":null,"timeoutResponse":null,"timeoutNextStep":{"sessionAttributes":null,"intent":{"name":null,"slots":null},"dialogAction":{"type":"EndConversation","slotToElicit":null,"suppressNextMessage":null}},"timeoutConditional":null},"enableCodeHookInvocation":true},"nextStep":{"sessionAttributes":null,"intent":{"name":null,"slots":null},"dialogAction":{"type":"InvokeDialogCodeHook","slotToElicit":null,"suppressNextMessage":null}},"initialResponse":{"messageGroupsList":[{"message":{"ssmlMessage":null,"customPayload":null,"plainTextMessage":{"value":"Elenco da FURIA CS⚡"},"imageResponseCard":null},"variations":null}],"allowInterrupt":true}},"inputContexts":null,"outputContexts":null,"kendraConfiguration":null,"qnAIntentConfiguration":null,"bedrockAgentIntentConfiguration":null,"qInConnectIntentConfiguration":null,"dialogCodeHook":null,"fulfillmentCodeHook":null,"slotPriorities":[{"priority":1,"slotName":"TeamName"}]}