{"name":"FuriaFoundationIntent","identifier":"U93QCAMJPP","description":null,"parentIntentSignature":null,"sampleUtterances":[{"utterance":"Quando a FURIA foi criada?"},{"utterance":"Em que ano a FURIA surgiu?"},{"utterance":"Qual é a data de fundação da FURIA?"},{"utterance":"A FURIA existe desde quando?"},{"utterance":"Quando a organização começou?"},{"utterance":"Quando a FURIA começou sua história?"},{"utterance":"Desde quando a FURIA está no cenário?"},{"utterance":"Me diz quando a FURIA foi fundada"},{"utterance":"Qual o ano de criação da FURIA?"},{"utterance":"Desde que ano existe a FURIA?"},{"utterance":"Em que ano a FURIA nasceu?"},{"utterance":"FURIA foi criada em que ano?"},{"utterance":"Você sabe quando fundaram a FURIA?"},{"utterance":"Você sabe quando fundaram a org?"},{"utterance":"Desde quando a organizção está no cenário?"},{"utterance":"Em que ano a org nasceu?"},{"utterance":"Quando foi o primeiro ano de atuação da FURIA?"},{"utterance":"Qual é a data que marca o início da FURIA Esports?"},{"utterance":"Fale sobre o ano de criação da FURIA."},{"utterance":"Qual o ano em que a FURIA foi fundada?"},{"utterance":"Em que ano a FURIA fez sua estreia no cenário competitivo?"},{"utterance":"Desde que ano a FURIA está no mundo dos eSports?"},{"utterance":"Qual o primeiro ano da FURIA no mercado de eSports?"},{"utterance":"Em que ano começou a história da FURIA?"},{"utterance":"Você sabe a data exata da fundação da FURIA?"},{"utterance":"FURIA foi criada em que ano especificamente?"},{"utterance":"Qual é o marco de fundação da FURIA Esports?"},{"utterance":"Quando a FURIA entrou para o cenário dos eSports?"},{"utterance":"Em que ano o time FURIA foi fundado?"},{"utterance":"Quando a FURIA se tornou uma organização oficial?"},{"utterance":"Em que ano a FURIA deu seus primeiros passos no competitivo?"},{"utterance":"Quando a FURIA começou sua jornada no mundo dos games?"},{"utterance":"Desde quando a FURIA está competindo nos eSports?"},{"utterance":"Você sabe qual foi o ano de criação da FURIA?"},{"utterance":"A FURIA é uma organização recente? Em que ano começou?"},{"utterance":"Em que ano a FURIA iniciou suas atividades como organização?"}],"intentConfirmationSetting":null,"intentClosingSetting":{"isActive":true,"nextStep":{"sessionAttributes":null,"intent":{"name":null,"slots":null},"dialogAction":{"type":"EndConversation","slotToElicit":null,"suppressNextMessage":null}},"closingResponse":{"messageGroupsList":[{"message":{"ssmlMessage":null,"customPayload":null,"plainTextMessage":{"value":"A FURIA foi criada em agosto 2017."},"imageResponseCard":null},"variations":null}],"allowInterrupt":true}},"initialResponseSetting":{"conditional":null,"codeHook":{"isActive":true,"invocationLabel":null,"postCodeHookSpecification":{"failureResponse":null,"failureNextStep":{"sessionAttributes":null,"intent":{"name":null,"slots":null},"dialogAction":{"type":"EndConversation","slotToElicit":null,"suppressNextMessage":null}},"failureConditional":null,"successResponse":null,"successNextStep":{"sessionAttributes":null,"intent":{"name":null,"slots":null},"dialogAction":{"type":"CloseIntent","slotToElicit":null,"suppressNextMessage":null}},"successConditional":null,"timeoutResponse":null,"timeoutNextStep":{"sessionAttributes":null,"intent":{"name":null,"slots":null},"dialogAction":{"type":"EndConversation","slotToElicit":null,"suppressNextMessage":null}},"timeoutConditional":null},"enableCodeHookInvocation":true},"nextStep":{"sessionAttributes":null,"intent":{"name":null,"slots":null},"dialogAction":{"type":"InvokeDialogCodeHook","slotToElicit":null,"suppressNextMessage":null}},"initialResponse":null},"inputContexts":null,"outputContexts":null,"kendraConfiguration":null,"qnAIntentConfiguration":null,"bedrockAgentIntentConfiguration":null,"qInConnectIntentConfiguration":null,"dialogCodeHook":null,"fulfillmentCodeHook":null,"slotPriorities":[]}