{"name":"FoundersIntent","identifier":"SZ65F8XAQZ","description":null,"parentIntentSignature":null,"sampleUtterances":[{"utterance":"Quem fundou a FURIA?"},{"utterance":"Quem são os criadores da FURIA?"},{"utterance":"Quem criou a organização FURIA?"},{"utterance":"Qual o nome dos fundadores da FURIA?"},{"utterance":"Quem está por trás da FURIA?"},{"utterance":"Quem teve a ideia de criar a FURIA?"},{"utterance":"Fala aí quem começou a FURIA"},{"utterance":"Quem são os donos da FURIA?"},{"utterance":"A FURIA foi fundada por quem?"},{"utterance":"Me diz quem fundou a FURIA"},{"utterance":"Quem começou tudo na FURIA?"},{"utterance":"Quem é o fundador da FURIA Esports?"},{"utterance":"Foi quem que criou a FURIA?"},{"utterance":"Qual o fundador da FURIA?"},{"utterance":"Qual o fundador da organização?"},{"utterance":"Qual o fundador"},{"utterance":"Quem criou"},{"utterance":"Quem inventou"},{"utterance":"Quem foi o responsável por fundar a FURIA Esports?"},{"utterance":"Quem são as pessoas que fundaram a FURIA?"},{"utterance":"Qual é a história dos fundadores da FURIA?"},{"utterance":"Quem teve a ideia de criar a FURIA e como surgiu?"},{"utterance":"Quem está por trás da criação da FURIA?"},{"utterance":"Pode me falar quem fundou a organização FURIA?"},{"utterance":"Quem foi o primeiro nome ligado à criação da FURIA?"},{"utterance":"Quem deu início à trajetória da FURIA no mundo dos eSports?"},{"utterance":"Quem são os visionários por trás da FURIA?"},{"utterance":"Como começou a FURIA e quem a fundou?"},{"utterance":"Me fala os nomes dos fundadores da FURIA Esports."},{"utterance":"Quem são as pessoas que fizeram a FURIA nascer?"},{"utterance":"Como surgiu a FURIA e quem a idealizou?"},{"utterance":"Quem teve a iniciativa de fundar a FURIA?"},{"utterance":"Quem tomou a frente na criação da FURIA Esports?"},{"utterance":"Quem é o nome por trás da fundação da FURIA?"},{"utterance":"Qual é a origem dos fundadores da FURIA?"},{"utterance":"Quais os fundadores da FURIA e como tudo começou?"},{"utterance":"Me conta a história dos fundadores da FURIA."},{"utterance":"Quem são as pessoas que deram vida à FURIA Esports?"}],"intentConfirmationSetting":null,"intentClosingSetting":{"isActive":false,"nextStep":{"sessionAttributes":null,"intent":{"name":null,"slots":null},"dialogAction":{"type":"EndConversation","slotToElicit":null,"suppressNextMessage":null}},"closingResponse":null},"initialResponseSetting":{"conditional":null,"codeHook":{"isActive":true,"invocationLabel":null,"postCodeHookSpecification":{"failureResponse":null,"failureNextStep":{"sessionAttributes":null,"intent":{"name":null,"slots":null},"dialogAction":{"type":"EndConversation","slotToElicit":null,"suppressNextMessage":null}},"failureConditional":null,"successResponse":null,"successNextStep":{"sessionAttributes":null,"intent":{"name":null,"slots":null},"dialogAction":{"type":"EndConversation","slotToElicit":null,"suppressNextMessage":null}},"successConditional":null,"timeoutResponse":null,"timeoutNextStep":{"sessionAttributes":null,"intent":{"name":null,"slots":null},"dialogAction":{"type":"EndConversation","slotToElicit":null,"suppressNextMessage":null}},"timeoutConditional":null},"enableCodeHookInvocation":true},"nextStep":{"sessionAttributes":null,"intent":{"name":null,"slots":null},"dialogAction":{"type":"InvokeDialogCodeHook","slotToElicit":null,"suppressNextMessage":null}},"initialResponse":{"messageGroupsList":[{"message":{"ssmlMessage":null,"customPayload":null,"plainTextMessage":{"value":"A FURIA foi fundada por Jaime Pádua, André Akkari e Cris Guedes. 🖤🐾"},"imageResponseCard":null},"variations":null}],"allowInterrupt":true}},"inputContexts":null,"outputContexts":null,"kendraConfiguration":null,"qnAIntentConfiguration":null,"bedrockAgentIntentConfiguration":null,"qInConnectIntentConfiguration":null,"dialogCodeHook":null,"fulfillmentCodeHook":null,"slotPriorities":[]}