{"name":"LastGameIntent","identifier":"C3GLIDFTE5","description":null,"parentIntentSignature":null,"sampleUtterances":[{"utterance":"Qual foi o último jogo do {TeamName} ?"},{"utterance":"Quando foi o último jogo do {TeamName} ?"},{"utterance":"Último jogo do {TeamName} ."},{"utterance":"Resultado do último jogo do {TeamName} ."},{"utterance":"Quem ganhou o último jogo do {TeamName} ?"},{"utterance":"Como foi o último jogo do {TeamName} ?"},{"utterance":"Me diga o último jogo do {TeamName} ."},{"utterance":"Qual foi o resultado da última partida do {TeamName} ?"},{"utterance":"Quem venceu a última partida do {TeamName} ?"},{"utterance":"Última partida do {TeamName} ."},{"utterance":"Como terminou o último jogo do {TeamName} ?"},{"utterance":"Quem jogou no último jogo do {TeamName} ?"},{"utterance":"Me mostra o placar do último jogo do {TeamName} ."},{"utterance":"Quem jogou na última partida do {TeamName} ?"},{"utterance":"Quando foi o último jogo da {TeamName} ?"},{"utterance":"Quem venceu no último confronto da {TeamName} ?"},{"utterance":"Último confronto da {TeamName} ."},{"utterance":"Placar do último jogo do {TeamName} ."},{"utterance":"Resumo do último jogo do {TeamName} ."},{"utterance":"Como foi o jogo do {TeamName} ?"},{"utterance":"Quando o {TeamName} jogou pela última vez ?"},{"utterance":"Me diga o resultado do jogo do {TeamName} ."},{"utterance":"Jogo anterior do {TeamName} ."},{"utterance":"Como foi o desempenho do {TeamName} no último jogo ?"},{"utterance":"Me conta o que aconteceu no último jogo do {TeamName} ."},{"utterance":"Como terminou o último confronto do {TeamName} ?"},{"utterance":"Quando foi o último embate do {TeamName} ?"},{"utterance":"Quem marcou no último jogo do {TeamName} ?"},{"utterance":"O {TeamName} venceu o último jogo ?"},{"utterance":"Me fala como o {TeamName} se saiu na última partida ."},{"utterance":"Qual foi o placar da última partida do {TeamName} ?"},{"utterance":"Como foi o último desempenho do {TeamName} na competição ?"},{"utterance":"Quais jogadores participaram do último jogo do {TeamName} ?"},{"utterance":"Quando o {TeamName} jogou pela última vez e qual foi o resultado ?"},{"utterance":"Como ficou o jogo do {TeamName} no último confronto ?"},{"utterance":"O {TeamName} teve alguma vitória recente ? Me diga !"},{"utterance":"O que rolou no último jogo do {TeamName} ?"},{"utterance":"Quais foram os destaques no último jogo do {TeamName} ?"},{"utterance":"Me explica como o {TeamName} se comportou no último embate ."},{"utterance":"O {TeamName} perdeu ou ganhou no último confronto ?"},{"utterance":"Qual foi o resultado da última partida disputada pelo {TeamName} ?"},{"utterance":"Pode me contar sobre o jogo passado do {TeamName} ?"},{"utterance":"{TeamName} qual foi o último jogo?"},{"utterance":"{TeamName} último jogo."},{"utterance":"{TeamName} resultado do último jogo."},{"utterance":"{TeamName} quem ganhou o último jogo?"},{"utterance":"{TeamName} como foi o último jogo?"},{"utterance":"{TeamName} me diga o último jogo."},{"utterance":"{TeamName} qual foi o resultado da última partida?"},{"utterance":"{TeamName} quem venceu a última partida?"},{"utterance":"{TeamName} última partida."},{"utterance":"{TeamName} como terminou o último jogo?"},{"utterance":"{TeamName} quem jogou no último jogo?"},{"utterance":"{TeamName} me mostra o placar do último jogo."},{"utterance":"{TeamName} quem jogou na última partida?"},{"utterance":"{TeamName} quando foi o último jogo?"},{"utterance":"{TeamName} quem venceu no último confronto?"},{"utterance":"{TeamName} último confronto."},{"utterance":"{TeamName} placar do último jogo."},{"utterance":"{TeamName} resumo do último jogo."},{"utterance":"{TeamName} como foi o jogo?"},{"utterance":"{TeamName} quando jogou pela última vez?"},{"utterance":"{TeamName} me diga o resultado do jogo."},{"utterance":"{TeamName} jogo anterior."},{"utterance":"{TeamName} como foi o desempenho no último jogo?"},{"utterance":"{TeamName} me conta o que aconteceu no último jogo."},{"utterance":"{TeamName} como terminou o último confronto?"},{"utterance":"{TeamName} quando foi o último embate?"},{"utterance":"{TeamName} quem marcou no último jogo?"},{"utterance":"{TeamName} venceu o último jogo?"}],"intentConfirmationSetting":null,"intentClosingSetting":null,"initialResponseSetting":{"conditional":null,"codeHook":{"isActive":true,"invocationLabel":null,"postCodeHookSpecification":{"failureResponse":null,"failureNextStep":{"sessionAttributes":null,"intent":{"name":null,"slots":null},"dialogAction":{"type":"EndConversation","slotToElicit":null,"suppressNextMessage":null}},"failureConditional":null,"successResponse":null,"successNextStep":{"sessionAttributes":null,"intent":{"name":null,"slots":null},"dialogAction":{"type":"EndConversation","slotToElicit":null,"suppressNextMessage":null}},"successConditional":null,"timeoutResponse":null,"timeoutNextStep":{"sessionAttributes":null,"intent":{"name":null,"slots":null},"dialogAction":{"type":"EndConversation","slotToElicit":null,"suppressNextMessage":null}},"timeoutConditional":null},"enableCodeHookInvocation":true},"nextStep":{"sessionAttributes":null,"intent":{"name":null,"slots":null},"dialogAction":{"type":"InvokeDialogCodeHook","slotToElicit":null,"suppressNextMessage":null}},"initialResponse":{"messageGroupsList":[{"message":{"ssmlMessage":null,"customPayload":null,"plainTextMessage":{"value":"📊 Último confronto da FURIA"},"imageResponseCard":null},"variations":null}],"allowInterrupt":true}},"inputContexts":null,"outputContexts":null,"kendraConfiguration":null,"qnAIntentConfiguration":null,"bedrockAgentIntentConfiguration":null,"qInConnectIntentConfiguration":null,"dialogCodeHook":null,"fulfillmentCodeHook":null,"slotPriorities":[{"priority":1,"slotName":"TeamName"}]}