{"name":"NextGameIntent","identifier":"KXZO5JHBOH","description":null,"parentIntentSignature":null,"sampleUtterances":[{"utterance":"Quando é o próximo jogo do {TeamName} ?"},{"utterance":"Me diga o próximo jogo do {TeamName} ."},{"utterance":"Quando meu time {TeamName} joga de novo ?"},{"utterance":"Próximo jogo do {TeamName} ."},{"utterance":"Qual o horário do próximo jogo do {TeamName} ?"},{"utterance":"Quando é a próxima partida do {TeamName} ?"},{"utterance":"Quando vai ser o próximo jogo do {TeamName} ?"},{"utterance":"Que dia tem jogo do {TeamName} ?"},{"utterance":"Vai ter jogo do {TeamName} hoje ?"},{"utterance":"Vai ter jogo do {TeamName} amanhã ?"},{"utterance":"Me fala o próximo jogo do {TeamName} ."},{"utterance":"Jogo de hoje do {TeamName} ."},{"utterance":"Jogo de amanhã do {TeamName} ."},{"utterance":"Próxima partida do {TeamName} ."},{"utterance":"Quando o {TeamName} joga ?"},{"utterance":"Quando vai ter jogo do {TeamName} ?"},{"utterance":"Próximo confronto do {TeamName} ."},{"utterance":"Qual o próximo adversário do {TeamName} ?"},{"utterance":"Tem jogo marcado do {TeamName} ?"},{"utterance":"Qual é o próximo jogo do {TeamName} ?"},{"utterance":"Quando o {TeamName} joga de novo ?"},{"utterance":"Quando o {TeamName} entra em campo ?"},{"utterance":"Me fala o jogo do {TeamName} ."},{"utterance":"Qual a próxima partida do {TeamName} ?"},{"utterance":"Quando o time {TeamName} joga ?"},{"utterance":"Quando é o próximo duelo do {TeamName} ? "},{"utterance":"Qual o calendário de jogos do {TeamName} ?"},{"utterance":"Tem jogo do {TeamName} essa semana ?"},{"utterance":"Me atualiza sobre o próximo jogo do {TeamName} ."},{"utterance":"Já sabe quando o {TeamName} volta a jogar ?"},{"utterance":"Qual o próximo compromisso do {TeamName} ?"},{"utterance":"Que horas começa o jogo do {TeamName} ?"},{"utterance":"Me lembra quando é o jogo do {TeamName} ?"},{"utterance":"Que dia o {TeamName} entra em ação de novo ?"},{"utterance":"Próximo embate do {TeamName} , tem data ?"},{"utterance":"Quando rola o próximo jogo da equipe {TeamName} ?"},{"utterance":"Quero saber quando o {TeamName} joga ."},{"utterance":"Agenda do {TeamName} , tem jogo marcado ?"},{"utterance":"Qual é o próximo desafio do {TeamName} ?"},{"utterance":"Qual o dia da próxima partida do {TeamName} ?"},{"utterance":"Jogo do {TeamName} : qual a data e o horário ?"},{"utterance":"Quais são os próximos confrontos do {TeamName} ?"},{"utterance":"Onde e quando é o próximo jogo do {TeamName} ?"},{"utterance":"Quando o {TeamName} vai estar em campo novamente ?"},{"utterance":"O {TeamName} joga hoje ou só depois ?"},{"utterance":"{TeamName} quando é o próximo jogo?"},{"utterance":"{TeamName} me diga o próximo jogo."},{"utterance":"{TeamName} quando meu time joga de novo?"},{"utterance":"{TeamName} próximo jogo."},{"utterance":"{TeamName} qual o horário do próximo jogo?"},{"utterance":"{TeamName} quando é a próxima partida?"},{"utterance":"{TeamName} quando vai ser o próximo jogo?"},{"utterance":"{TeamName} que dia tem jogo?"},{"utterance":"{TeamName} vai ter jogo hoje?"},{"utterance":"{TeamName} vai ter jogo amanhã?"},{"utterance":"{TeamName} me fala o próximo jogo."},{"utterance":"{TeamName} jogo de hoje."},{"utterance":"{TeamName} jogo de amanhã."},{"utterance":"{TeamName} próxima partida."},{"utterance":"{TeamName} quando joga?"},{"utterance":"{TeamName} quando vai ter jogo?"},{"utterance":"{TeamName} próximo confronto."},{"utterance":"{TeamName} qual o próximo adversário?"},{"utterance":"{TeamName} tem jogo marcado?"},{"utterance":"{TeamName} qual é o próximo jogo?"},{"utterance":"{TeamName} quando joga de novo?"}],"intentConfirmationSetting":null,"intentClosingSetting":null,"initialResponseSetting":{"conditional":null,"codeHook":{"isActive":true,"invocationLabel":null,"postCodeHookSpecification":{"failureResponse":null,"failureNextStep":{"sessionAttributes":null,"intent":{"name":null,"slots":null},"dialogAction":{"type":"EndConversation","slotToElicit":null,"suppressNextMessage":null}},"failureConditional":null,"successResponse":null,"successNextStep":{"sessionAttributes":null,"intent":{"name":null,"slots":null},"dialogAction":{"type":"EndConversation","slotToElicit":null,"suppressNextMessage":null}},"successConditional":null,"timeoutResponse":null,"timeoutNextStep":{"sessionAttributes":null,"intent":{"name":null,"slots":null},"dialogAction":{"type":"EndConversation","slotToElicit":null,"suppressNextMessage":null}},"timeoutConditional":null},"enableCodeHookInvocation":true},"nextStep":{"sessionAttributes":null,"intent":{"name":null,"slots":null},"dialogAction":{"type":"InvokeDialogCodeHook","slotToElicit":null,"suppressNextMessage":null}},"initialResponse":{"messageGroupsList":[{"message":{"ssmlMessage":null,"customPayload":null,"plainTextMessage":{"value":"📅 Próximo jogo da FURIA! 🔥"},"imageResponseCard":null},"variations":null}],"allowInterrupt":true}},"inputContexts":null,"outputContexts":null,"kendraConfiguration":null,"qnAIntentConfiguration":null,"bedrockAgentIntentConfiguration":null,"qInConnectIntentConfiguration":null,"dialogCodeHook":null,"fulfillmentCodeHook":null,"slotPriorities":[{"priority":1,"slotName":"TeamName"}]}