{"name":"TeamName","identifier":"WEYY9IXYQY","description":null,"slotTypeValues":[{"synonyms":null,"sampleValue":{"value":"FURIA"}},{"synonyms":null,"sampleValue":{"value":"G2 Esports  "}},{"synonyms":null,"sampleValue":{"value":"Navi"}},{"synonyms":null,"sampleValue":{"value":"Fnatic "}},{"synonyms":null,"sampleValue":{"value":"Cloud9 "}},{"synonyms":null,"sampleValue":{"value":"Astralis "}},{"synonyms":null,"sampleValue":{"value":"Sentinels "}},{"synonyms":null,"sampleValue":{"value":"Team Vitality"}},{"synonyms":null,"sampleValue":{"value":"MIBR"}},{"synonyms":null,"sampleValue":{"value":"Pain gaming"}},{"synonyms":null,"sampleValue":{"value":"Imperial"}},{"synonyms":null,"sampleValue":{"value":"Team Liquid"}},{"synonyms":null,"sampleValue":{"value":"Loud"}},{"synonyms":null,"sampleValue":{"value":"FaZe Clan"}}],"parentSlotTypeSignature":null,"valueSelectionSetting":{"resolutionStrategy":"ORIGINAL_VALUE","advancedRecognitionSetting":null,"regexFilter":null}}