{"name":"SocialMediaIntent","identifier":"M5S7Y4HJQR","description":null,"parentIntentSignature":null,"sampleUtterances":[{"utterance":"Quais são as redes sociais da FURIA?"},{"utterance":"Onde encontro a FURIA nas redes sociais?"},{"utterance":"Me mostra o Instagram da FURIA"},{"utterance":"Qual o Twitter da FURIA?"},{"utterance":"Tem o TikTok da FURIA?"},{"utterance":"A FURIA tem canal no YouTube?"},{"utterance":"Como acho a FURIA no Instagram?"},{"utterance":"Qual o perfil da FURIA no Twitter?"},{"utterance":"Me envia os links das redes sociais"},{"utterance":"FURIA no Instagram"},{"utterance":"FURIA no Twitter"},{"utterance":"FURIA no TikTok"},{"utterance":"Redes sociais da FURIA"},{"utterance":"Quero seguir a FURIA"},{"utterance":"Onde posso seguir a FURIA?"},{"utterance":"Me passa o YouTube da FURIA"},{"utterance":"Quais redes sociais a FURIA usa?"},{"utterance":"Você tem as redes sociais da FURIA?"},{"utterance":"Links das redes sociais da FURIA"},{"utterance":"Links da furia"},{"utterance":"Onde posso achar os perfis oficiais da FURIA?"},{"utterance":"Me manda os perfis da FURIA nas redes."},{"utterance":"Tem como compartilhar os links sociais da FURIA?"},{"utterance":"Quais são os canais oficiais da FURIA nas redes?"},{"utterance":"Manda aí as redes da FURIA."},{"utterance":"Quero acompanhar a FURIA, onde sigo?"},{"utterance":"Como faço pra seguir a FURIA?"},{"utterance":"Onde encontro os conteúdos da FURIA online?"},{"utterance":"Passa o Insta, o Twitter, tudo da FURIA!"},{"utterance":"As redes da FURIA tão atualizadas onde?"},{"utterance":"Me dá o arroba da FURIA no Instagram."},{"utterance":"Qual o nome da FURIA nas redes sociais?"},{"utterance":"FURIA tem página no TikTok? Qual é?"},{"utterance":"Quero me conectar com a FURIA, por onde começo?"},{"utterance":"Tem linktree ou algo com todas as redes da FURIA?"},{"utterance":"Me manda o canal da FURIA no YouTube."},{"utterance":"Onde posso ver os vídeos da FURIA?"},{"utterance":"Manda os links de todas as redes da FURIA."},{"utterance":"Onde a FURIA posta novidades?"},{"utterance":"Quais perfis oficiais da FURIA eu posso seguir?"},{"utterance":"Quais os links"},{"utterance":"Links da furia, furisoso"},{"utterance":"Links das redes sociais"},{"utterance":"Links uteis"}],"intentConfirmationSetting":null,"intentClosingSetting":{"isActive":false,"nextStep":{"sessionAttributes":null,"intent":{"name":null,"slots":null},"dialogAction":{"type":"EndConversation","slotToElicit":null,"suppressNextMessage":null}},"closingResponse":null},"initialResponseSetting":{"conditional":null,"codeHook":{"isActive":true,"invocationLabel":null,"postCodeHookSpecification":{"failureResponse":null,"failureNextStep":{"sessionAttributes":null,"intent":{"name":null,"slots":null},"dialogAction":{"type":"EndConversation","slotToElicit":null,"suppressNextMessage":null}},"failureConditional":null,"successResponse":null,"successNextStep":{"sessionAttributes":null,"intent":{"name":null,"slots":null},"dialogAction":{"type":"EndConversation","slotToElicit":null,"suppressNextMessage":null}},"successConditional":null,"timeoutResponse":null,"timeoutNextStep":{"sessionAttributes":null,"intent":{"name":null,"slots":null},"dialogAction":{"type":"EndConversation","slotToElicit":null,"suppressNextMessage":null}},"timeoutConditional":null},"enableCodeHookInvocation":true},"nextStep":{"sessionAttributes":null,"intent":{"name":null,"slots":null},"dialogAction":{"type":"InvokeDialogCodeHook","slotToElicit":null,"suppressNextMessage":null}},"initialResponse":{"messageGroupsList":[{"message":{"ssmlMessage":null,"customPayload":null,"plainTextMessage":{"value":"Faça parte da nossa comunidade e fique por dentro de tudo que rola na Pantera! 🖤🔥"},"imageResponseCard":null},"variations":null}],"allowInterrupt":true}},"inputContexts":null,"outputContexts":null,"kendraConfiguration":null,"qnAIntentConfiguration":null,"bedrockAgentIntentConfiguration":null,"qInConnectIntentConfiguration":null,"dialogCodeHook":null,"fulfillmentCodeHook":null,"slotPriorities":[]}