{"name":"GreetingIntent","identifier":"HG16UYQJCI","description":null,"parentIntentSignature":null,"sampleUtterances":[{"utterance":"/start"},{"utterance":"Oi, tudo bem?"},{"utterance":"Olá, como vai?"},{"utterance":"E aí, beleza?"},{"utterance":"Bom dia, furisoso"},{"utterance":"Boa tarde"},{"utterance":"Boa noite"},{"utterance":"Opa, tranquilo por aí?"},{"utterance":"Cheguei, bora conversar?"},{"utterance":"Salve, bot, preparado pra mais uma?"},{"utterance":"E aí, tá online?"},{"utterance":"Oi, já podemos começar?"},{"utterance":"Opa, tem um tempinho pra mim?"},{"utterance":"E aí, firmeza total?"},{"utterance":"Cheguei chegando, bora trocar ideia!"},{"utterance":"Olá, pronto pra me ajudar?"},{"utterance":"Beleza, bot? Vamos nessa?"},{"utterance":"Oi, tô precisando de uma força aqui."},{"utterance":"Fala aí, tem novidade?"},{"utterance":"Tô por aqui, e você?"},{"utterance":"Me responde uma coisa rapidinho?"},{"utterance":"E aí, furioso dos dados, me dá uma luz?"},{"utterance":"Oi, tem alguma dica hoje?"},{"utterance":"Salve, inteligência suprema!"},{"utterance":"Eae, pode trocar uma ideia?"},{"utterance":"Bom estar de volta, me atualiza aí!"},{"utterance":"Tá pronto, parceiro digital?"},{"utterance":"coe, tudo bem?"},{"utterance":"salve, tudo bem?"},{"utterance":"fala, furioso, tudo bem?"},{"utterance":"eae, como vai?"},{"utterance":"iai, meu bom,tudo bem?"},{"utterance":"E aí, mano, firmeza?"},{"utterance":"Fala, irmão, como tá?"},{"utterance":"Opa, beleza por aí?"},{"utterance":"Aí sim, tudo tranquilo?"},{"utterance":"Salve, parceiro, beleza?"},{"utterance":"E aí, tudo certo?"},{"utterance":"Oi, bora conversar?"},{"utterance":"Como é que tá, meu chapa?"},{"utterance":"Aí, já chegou? Tudo certo?"},{"utterance":"E aí, de boa na lagoa?"},{"utterance":"Oi, preparado pra começar?"},{"utterance":"Fala, e aí? Tá tranquilo?"},{"utterance":"Bom te ver por aqui, como vai"},{"utterance":"Olá bot furiso"},{"utterance":"Oie bot furiso"},{"utterance":"Salve bot furiso"},{"utterance":"Oi bot furiso"},{"utterance":"fala bot furiso"},{"utterance":"Ou bot furiso"},{"utterance":"Ou, e aí? Tá tranquilo?"},{"utterance":"Ou, bot, firmeza?"},{"utterance":"Ou, como vai?"},{"utterance":"ou, ta ai?"},{"utterance":"coe bot furiso"},{"utterance":"coe, e aí? Tá tranquilo?"},{"utterance":"coe, bot, firmeza?"},{"utterance":"coe, como vai?"},{"utterance":"coe, ta ai?"},{"utterance":"aopa bot furiso"},{"utterance":"aopa, e aí? Tá tranquilo?"},{"utterance":"aopa, bot, firmeza?"},{"utterance":"aopa, como vai?"},{"utterance":"aopa, ta ai?"},{"utterance":"oi bot furiso"},{"utterance":"oi , e aí? Tá tranquilo?"},{"utterance":"oi , bot, firmeza?"},{"utterance":"oi , como vai?"},{"utterance":"oi , ta ai?"},{"utterance":"fala , e aí? Tá tranquilo?"},{"utterance":"fala , bot, firmeza?"},{"utterance":"fala , como vai?"},{"utterance":"fala , ta ai?"},{"utterance":"oie bot furiso"},{"utterance":"oie, e aí? Tá tranquilo?"},{"utterance":"oie, bot, firmeza?"},{"utterance":"oie como vai?"},{"utterance":"oie , ta ai?"},{"utterance":"oi, ta bem furiso"},{"utterance":"oi furia"},{"utterance":"fala furia"},{"utterance":"coe furia"},{"utterance":"opa furia"},{"utterance":"oi bot furia"},{"utterance":"fala bota furia"},{"utterance":"coe bot furia"},{"utterance":"fala furi"},{"utterance":"fala bot da furia"}],"intentConfirmationSetting":null,"intentClosingSetting":{"isActive":true,"nextStep":{"sessionAttributes":null,"intent":{"name":null,"slots":null},"dialogAction":{"type":"EndConversation","slotToElicit":null,"suppressNextMessage":null}},"closingResponse":{"messageGroupsList":[{"message":{"ssmlMessage":null,"customPayload":null,"plainTextMessage":{"value":"Você pode digitar “ajuda” e descobrir  tudo que posso fazer 🖤🔥"},"imageResponseCard":null},"variations":null}],"allowInterrupt":true}},"initialResponseSetting":{"conditional":null,"codeHook":{"isActive":true,"invocationLabel":null,"postCodeHookSpecification":{"failureResponse":null,"failureNextStep":{"sessionAttributes":null,"intent":{"name":null,"slots":null},"dialogAction":{"type":"EndConversation","slotToElicit":null,"suppressNextMessage":null}},"failureConditional":null,"successResponse":null,"successNextStep":{"sessionAttributes":null,"intent":{"name":null,"slots":null},"dialogAction":{"type":"CloseIntent","slotToElicit":null,"suppressNextMessage":null}},"successConditional":null,"timeoutResponse":null,"timeoutNextStep":{"sessionAttributes":null,"intent":{"name":null,"slots":null},"dialogAction":{"type":"EndConversation","slotToElicit":null,"suppressNextMessage":null}},"timeoutConditional":null},"enableCodeHookInvocation":true},"nextStep":{"sessionAttributes":null,"intent":{"name":null,"slots":null},"dialogAction":{"type":"InvokeDialogCodeHook","slotToElicit":null,"suppressNextMessage":null}},"initialResponse":{"messageGroupsList":[{"message":{"ssmlMessage":null,"customPayload":null,"plainTextMessage":{"value":"Fala, furioso(a)! Eu sou um assistente feito para a torcida apaixonada pelo time de Counter-Strike da FURIA. Aqui você fica por dentro das partidas, conferir o resultado do último confronto e ainda tirar as principais dúvidas sobre a org. 🐾"},"imageResponseCard":null},"variations":null}],"allowInterrupt":true}},"inputContexts":null,"outputContexts":null,"kendraConfiguration":null,"qnAIntentConfiguration":null,"bedrockAgentIntentConfiguration":null,"qInConnectIntentConfiguration":null,"dialogCodeHook":null,"fulfillmentCodeHook":null,"slotPriorities":[]}