{"name":"ExitIntent","identifier":"2GOTORI3JY","description":null,"parentIntentSignature":null,"sampleUtterances":[{"utterance":"Tchau, foi ótimo conversar com você."},{"utterance":"Até logo, espero que possamos nos ver em breve."},{"utterance":"Até mais, cuide-se por aí!"},{"utterance":"Adeus, desejo tudo de bom na sua jornada."},{"utterance":"Falou, qualquer coisa me chama."},{"utterance":"Valeu por tudo."},{"utterance":"Nos vemos por aí."},{"utterance":"Até a próxima."},{"utterance":"Fui nessa."},{"utterance":"Até mais tarde."},{"utterance":"Tchauzinho, vou sair."},{"utterance":"Fica com Deus."},{"utterance":"Até logo mais, nos encontramos daqui a pouco."},{"utterance":"Tchau, até logo."},{"utterance":"Vou indo nessa, já está na minha hora."},{"utterance":"Estou saindo agora, a gente se fala depois."},{"utterance":"A gente se fala mais tarde, fica bem."},{"utterance":"Até breve bot"},{"utterance":"Encerrando por aqui."},{"utterance":"Nos despedimos por agora."},{"utterance":"Vou me desconectar."},{"utterance":"Já deu minha hora"},{"utterance":"Fechando por hoje"},{"utterance":"Hora de partir, mas levo boas lembranças."},{"utterance":"Indo embora agora,."},{"utterance":"Finalizo aqui"},{"utterance":"A gente se fala depois"},{"utterance":"Tchau furisoso, ate mais"},{"utterance":"ate mais bot furisos"},{"utterance":"sair bot furioso"},{"utterance":"sari daqui bot furiso"},{"utterance":"deconectar bot furioso"},{"utterance":"fechar conexão bot furioso"},{"utterance":"encerrar bot furioso"},{"utterance":"fim bot furioso"}],"intentConfirmationSetting":null,"intentClosingSetting":null,"initialResponseSetting":{"conditional":null,"codeHook":{"isActive":true,"invocationLabel":null,"postCodeHookSpecification":{"failureResponse":null,"failureNextStep":{"sessionAttributes":null,"intent":{"name":null,"slots":null},"dialogAction":{"type":"EndConversation","slotToElicit":null,"suppressNextMessage":null}},"failureConditional":null,"successResponse":null,"successNextStep":{"sessionAttributes":null,"intent":{"name":null,"slots":null},"dialogAction":{"type":"EndConversation","slotToElicit":null,"suppressNextMessage":null}},"successConditional":null,"timeoutResponse":null,"timeoutNextStep":{"sessionAttributes":null,"intent":{"name":null,"slots":null},"dialogAction":{"type":"EndConversation","slotToElicit":null,"suppressNextMessage":null}},"timeoutConditional":null},"enableCodeHookInvocation":true},"nextStep":{"sessionAttributes":null,"intent":{"name":null,"slots":null},"dialogAction":{"type":"InvokeDialogCodeHook","slotToElicit":null,"suppressNextMessage":null}},"initialResponse":{"messageGroupsList":[{"message":{"ssmlMessage":null,"customPayload":null,"plainTextMessage":{"value":"Até a próxima, guerreiro(a)! 👊🖤"},"imageResponseCard":null},"variations":null}],"allowInterrupt":true}},"inputContexts":null,"outputContexts":null,"kendraConfiguration":null,"qnAIntentConfiguration":null,"bedrockAgentIntentConfiguration":null,"qInConnectIntentConfiguration":null,"dialogCodeHook":null,"fulfillmentCodeHook":null,"slotPriorities":[]}