{"name":"FuriaStoreIntent","identifier":"F21FN7M8OJ","description":null,"parentIntentSignature":null,"sampleUtterances":[{"utterance":"Qual é o site da loja da FURIA?"},{"utterance":"Onde compro camiseta da FURIA?"},{"utterance":"Loja oficial FURIA”"},{"utterance":"Quero comprar merch da FURIA"},{"utterance":"Loja"},{"utterance":"Onde posso comprar produtos oficiais da FURIA?"},{"utterance":"Como faço para adquirir merch da FURIA?"},{"utterance":"Onde encontro a loja online da FURIA?"},{"utterance":"Qual é o link da loja oficial da FURIA?"},{"utterance":"Tem site para comprar camisetas da FURIA?"},{"utterance":"Onde encontro a loja virtual da FURIA Esports?"},{"utterance":"Quais são as opções de compra na loja da FURIA?"},{"utterance":"Me passa o link da loja online da FURIA."},{"utterance":"Onde posso adquirir a camisa da FURIA?"},{"utterance":"Como comprar o merch da FURIA?"},{"utterance":"A FURIA tem loja online? Onde posso acessar?"},{"utterance":"Onde encontro o site de vendas da FURIA?"},{"utterance":"Qual é o endereço da loja online da FURIA?"},{"utterance":"Me fala onde posso comprar os produtos da FURIA."},{"utterance":"Onde encontro os itens da FURIA para vender?"},{"utterance":"Fale mais sobre a loja oficial da FURIA."},{"utterance":"Quais produtos estão disponíveis na loja da FURIA?"},{"utterance":"Onde compro os itens de merchandising da FURIA?"},{"utterance":"Tem site para vender as camisetas e acessórios da FURIA?"},{"utterance":"Onde posso achar as camisetas e bonés da FURIA?"},{"utterance":"Quais são os produtos da loja FURIA?"},{"utterance":"Como faço para comprar o merch da FURIA?"},{"utterance":"O que tem na loja oficial da FURIA?"},{"utterance":"A loja online da FURIA tem itens exclusivos?"},{"utterance":"Onde posso comprar as roupas da FURIA Esports?"},{"utterance":"Como adquirir o kit da FURIA?"},{"utterance":"Onde encontro a loja para comprar produtos FURIA?"},{"utterance":"Tem roupas da FURIA à venda no site?"},{"utterance":"O site da loja FURIA tem frete grátis?"},{"utterance":"Qual é o catálogo de produtos na loja da FURIA?"},{"utterance":"Onde consigo o link para acessar a loja da FURIA?"},{"utterance":"Qual é a loja oficial de artigos FURIA?"},{"utterance":"Qual é a loja da FURIA onde posso comprar produtos exclusivos?"},{"utterance":"Onde encontro o merch oficial da FURIA para comprar?"},{"utterance":"Onde compro produtos com a marca da FURIA?"}],"intentConfirmationSetting":null,"intentClosingSetting":{"isActive":true,"nextStep":{"sessionAttributes":null,"intent":{"name":null,"slots":null},"dialogAction":{"type":"EndConversation","slotToElicit":null,"suppressNextMessage":null}},"closingResponse":{"messageGroupsList":[{"message":{"ssmlMessage":null,"customPayload":null,"plainTextMessage":{"value":"👉 Acesse: https://www.furia.gg/"},"imageResponseCard":null},"variations":null}],"allowInterrupt":true}},"initialResponseSetting":{"conditional":null,"codeHook":{"isActive":true,"invocationLabel":null,"postCodeHookSpecification":{"failureResponse":null,"failureNextStep":{"sessionAttributes":null,"intent":{"name":null,"slots":null},"dialogAction":{"type":"EndConversation","slotToElicit":null,"suppressNextMessage":null}},"failureConditional":null,"successResponse":null,"successNextStep":{"sessionAttributes":null,"intent":{"name":null,"slots":null},"dialogAction":{"type":"CloseIntent","slotToElicit":null,"suppressNextMessage":null}},"successConditional":null,"timeoutResponse":null,"timeoutNextStep":{"sessionAttributes":null,"intent":{"name":null,"slots":null},"dialogAction":{"type":"EndConversation","slotToElicit":null,"suppressNextMessage":null}},"timeoutConditional":null},"enableCodeHookInvocation":true},"nextStep":{"sessionAttributes":null,"intent":{"name":null,"slots":null},"dialogAction":{"type":"InvokeDialogCodeHook","slotToElicit":null,"suppressNextMessage":null}},"initialResponse":{"messageGroupsList":[{"message":{"ssmlMessage":null,"customPayload":null,"plainTextMessage":{"value":"Você pode encontrar todos os produtos oficiais da FURIA na loja online. "},"imageResponseCard":null},"variations":null}],"allowInterrupt":true}},"inputContexts":null,"outputContexts":null,"kendraConfiguration":null,"qnAIntentConfiguration":null,"bedrockAgentIntentConfiguration":null,"qInConnectIntentConfiguration":null,"dialogCodeHook":null,"fulfillmentCodeHook":null,"slotPriorities":[]}