{"name":"FuriaHistoryIntent","identifier":"VTECBD2IFJ","description":null,"parentIntentSignature":null,"sampleUtterances":[{"utterance":"Qual é a história da FURIA?"},{"utterance":"Me conta como a FURIA começou"},{"utterance":"Quem criou a FURIA?"},{"utterance":"Quando a FURIA foi fundada?"},{"utterance":"Como surgiu a FURIA Esports?"},{"utterance":"Qual é a origem da FURIA?"},{"utterance":"De onde veio a FURIA?"},{"utterance":"Fala um pouco sobre a trajetória da FURIA"},{"utterance":"Quero saber mais sobre a história da organização"},{"utterance":"Qual o passado da FURIA no competitivo?"},{"utterance":"Quem são os fundadores da FURIA?"},{"utterance":"Quando a FURIA começou no CS?"},{"utterance":"A FURIA começou com qual jogo?"},{"utterance":"Me explica a história da FURIA"},{"utterance":"Historia da furia"},{"utterance":"Me conta a historia da furia"},{"utterance":"Furia historia"},{"utterance":"Como a furia surgiu"},{"utterance":"Origem da furia"},{"utterance":"Historia da org"},{"utterance":"Historia da organização"},{"utterance":"Como surgiu a organização"},{"utterance":"Surgimento da furia"},{"utterance":"Surgimento da organização"},{"utterance":"Surgimento da org"},{"utterance":"Quais foram os primeiros passos da FURIA no cenário competitivo?"},{"utterance":"Como a FURIA foi criada e por quem?"},{"utterance":"O que motivou a criação da FURIA Esports?"},{"utterance":"Como a FURIA se estabeleceu no mundo dos eSports?"},{"utterance":"Fala sobre o começo da FURIA no CS:GO."},{"utterance":"Quando a FURIA se tornou um time reconhecido?"},{"utterance":"Qual é a jornada da FURIA até o sucesso no cenário competitivo?"},{"utterance":"Como foi o início da FURIA no competitivo de eSports?"},{"utterance":"Quem são os responsáveis pela fundação da FURIA?"},{"utterance":"Me explica o começo da FURIA no universo dos games."},{"utterance":"Quais foram os marcos iniciais da FURIA no CS:GO?"},{"utterance":"Qual foi o primeiro grande feito da FURIA no competitivo?"},{"utterance":"Como a FURIA se tornou uma referência no cenário?"},{"utterance":"Quais desafios a FURIA enfrentou ao longo de sua trajetória?"},{"utterance":"Quando a FURIA ganhou destaque no cenário de eSports?"},{"utterance":"Como a FURIA se destacou no competitivo desde sua fundação?"},{"utterance":"Qual foi o impacto da FURIA no mundo dos esportes eletrônicos?"},{"utterance":"Quais jogos ajudaram a FURIA a crescer no cenário competitivo?"},{"utterance":"De onde veio a ideia de criar a FURIA Esports?"},{"utterance":"Qual é a visão inicial da FURIA e como ela evoluiu ao longo dos anos?"}],"intentConfirmationSetting":null,"intentClosingSetting":{"isActive":true,"nextStep":{"sessionAttributes":null,"intent":{"name":null,"slots":null},"dialogAction":{"type":"EndConversation","slotToElicit":null,"suppressNextMessage":null}},"closingResponse":{"messageGroupsList":[{"message":{"ssmlMessage":null,"customPayload":null,"plainTextMessage":{"value":"Hoje, a FURIA é muito mais do que uma organização de esports. Com um time que brilha em diversas modalidades, nos tornamos uma das maiores influências da América Latina e uma referência mundial no cenário dos esports. Cada conquista que alcançamos é um reflexo do amor, dedicação e esforço coletivo que colocamos em tudo o que fazemos. "},"imageResponseCard":null},"variations":null}],"allowInterrupt":true}},"initialResponseSetting":{"conditional":null,"codeHook":{"isActive":true,"invocationLabel":null,"postCodeHookSpecification":{"failureResponse":null,"failureNextStep":{"sessionAttributes":null,"intent":{"name":null,"slots":null},"dialogAction":{"type":"EndConversation","slotToElicit":null,"suppressNextMessage":null}},"failureConditional":null,"successResponse":null,"successNextStep":{"sessionAttributes":null,"intent":{"name":null,"slots":null},"dialogAction":{"type":"CloseIntent","slotToElicit":null,"suppressNextMessage":null}},"successConditional":null,"timeoutResponse":null,"timeoutNextStep":{"sessionAttributes":null,"intent":{"name":null,"slots":null},"dialogAction":{"type":"EndConversation","slotToElicit":null,"suppressNextMessage":null}},"timeoutConditional":null},"enableCodeHookInvocation":true},"nextStep":{"sessionAttributes":null,"intent":{"name":null,"slots":null},"dialogAction":{"type":"InvokeDialogCodeHook","slotToElicit":null,"suppressNextMessage":null}},"initialResponse":{"messageGroupsList":[{"message":{"ssmlMessage":null,"customPayload":null,"plainTextMessage":{"value":"A FURIA Esports nasceu com um propósito claro: ser uma referência no cenário competitivo de esports. Começamos nossa jornada focados no CS:GO, mas rapidamente conquistamos nosso espaço no Brasil e no mundo, alcançando marcos incríveis, como o top 4 no IEM Katowice e a semifinal no PGL Major Antwerp 2022. Em 2019, ampliamos nossos horizontes e compramos a organização Uppercut, entrando no competitivo de League of Legends. Em 2021, também mergulhamos no universo de Valorant, além de estarmos presentes em Apex Legends, Rainbow Six Siege, Rocket League e Free Fire."},"imageResponseCard":null},"variations":null}],"allowInterrupt":true}},"inputContexts":null,"outputContexts":null,"kendraConfiguration":null,"qnAIntentConfiguration":null,"bedrockAgentIntentConfiguration":null,"qInConnectIntentConfiguration":null,"dialogCodeHook":null,"fulfillmentCodeHook":null,"slotPriorities":[]}